"","importer1","total","COWcode","v2x_corr","e_p_polity","e_polity2","e_wbgi_cce","e_fh_cl","e_fh_pr","e_fh_status","e_ti_cpi","e_peaveduc","e_regiongeo","e_cow_exports","e_cow_imports","e_migdpgro","e_migdppc","e_migdppcln","e_total_resources_income_pc","e_wb_pop","Designation Date","count","importer1.y","flow1","flow2","smoothtotrade","imposed","share"
"1","Canada",973130.695632251,20,0.024,10,10,1.836,1,1,1,81,13.08,16,474626.66,507025.799,0.024,42833,10.665,NA,35437435,NA,0,"United States of America",346062.59,276158.28,622220.88,0,0.639401143949876
"2","Bahamas",15021.5371961405,31,NA,NA,NA,NA,NA,NA,NA,NA,NA,NA,NA,NA,NA,NA,NA,NA,NA,NA,0,"United States of America",542.04773,3690.3623,4232.4102,0,0.281756130863054
"3","Cuba",14448.4785582624,40,0.406,-7,-7,0.068,6,7,3,46,10.28,19,2537.122,11792.197,0.034,7628,8.94,NA,11306902,NA,0,"United States of America",0,329.0571,329.0571,0,0.0227745155777545
"4","Haiti",5832.48976283066,41,0.884,-77,0,-1.234,5,5,2,19,4.23,19,986.792,5215.589,0.01,1655,7.412,NA,10549008,NA,0,"United States of America",908.21875,1404.2172,2312.4358,0,0.396474900776802
"5","Dominican Republic",29069.7325940891,42,0.842,8,8,-0.816,3,2,1,32,6.66,19,10236.272,19043.108,0.046,12657,9.446,NA,10165178,2017-12-21,2,"United States of America",4518.897,8750.1201,13269.018,1,0.456454766381238
"6","Jamaica",7736.16013174285,51,0.128,9,9,-0.299,3,2,1,38,9.08,19,1301.169,6496.469,0,7096,8.867,NA,2875136,NA,0,"United States of America",285.12756,2391.6008,2676.7283,0,0.346002183824622
"7","Trinidad and Tobago",28637.055520578,52,0.146,10,10,-0.414,2,2,1,38,9.551,19,19053.917,8035.54,-0.004,31032,10.343,NA,1362342,NA,0,"United States of America",5992.2124,2655.1453,8647.3574,0,0.301963915032612
"8","Barbados",2666.47436105145,53,0.099,NA,NA,1.138,1,1,1,74,9.675,19,481.399,2156.663,0.041,9972,9.208,NA,284825,NA,0,"United States of America",51.10862,627.33594,678.44458,0,0.254435065984461
"9","Dominica",765.319778382541,54,NA,NA,NA,NA,NA,NA,NA,NA,NA,NA,NA,NA,NA,NA,NA,NA,NA,NA,0,"United States of America",1.51433,70.638718,72.153046,0,0.0942782978279893
"10","Grenada",642.69788891643,55,NA,NA,NA,NA,NA,NA,NA,NA,NA,NA,NA,NA,NA,NA,NA,NA,NA,NA,0,"United States of America",9.7061834,91.4291,101.13528,0,0.157360529331302
"11","St. Lucia",2966.77741588209,56,NA,NA,NA,NA,NA,NA,NA,NA,NA,NA,NA,NA,NA,NA,NA,NA,NA,NA,0,"United States of America",18.300795,767.60046,785.90125,0,0.264900644649924
"12","St. Vincent and the Grenadines",690.654484877368,57,NA,NA,NA,NA,NA,NA,NA,NA,NA,NA,NA,NA,NA,NA,NA,NA,NA,NA,0,"United States of America",1.3785501,114.13149,115.51004,0,0.167247216269811
"13","Antigua & Barbuda",1142.6353820307,58,NA,NA,NA,NA,NA,NA,NA,NA,NA,NA,NA,NA,NA,NA,NA,NA,NA,NA,0,"United States of America",7.8384562,212.98529,220.82375,0,0.193258281226642
"14","St. Kitts and Nevis",782.61490234708,60,NA,NA,NA,NA,NA,NA,NA,NA,NA,NA,NA,NA,NA,NA,NA,NA,NA,NA,0,"United States of America",61.287601,270.58789,331.87549,0,0.424059762987771
"15","Mexico",846287.15690242,70,0.76,8,8,-0.762,3,3,2,35,8.48,17,397535.447,439974.931,0.011,15531,9.651,NA,120355128,2019-05-17,4,"United States of America",294157.47,214806.2,508963.69,1,0.60140779149114
"16","Belize",1653.85778385911,80,NA,NA,NA,NA,NA,NA,NA,NA,NA,NA,NA,NA,NA,NA,NA,NA,NA,NA,0,"United States of America",96.84082,260.61792,357.45874,0,0.216136322898276
"17","Guatemala",29764.0542666855,90,0.815,8,8,-0.736,4,3,2,32,5.5,17,10671.57,18260.589,0.032,6900,8.839,NA,15923243,2017-12-21,1,"United States of America",4217.1558,7360.354,11577.51,1,0.388976242828536
"18","Honduras",18905.126764721,91,0.859,7,7,-0.785,4,4,2,29,5.79,17,5380.116,10227.461,0.014,4272,8.36,NA,8955589,NA,0,"United States of America",4643.1958,4881.0815,9524.2773,0,0.503793358200239
"19","El Salvador",15899.82265315,92,0.601,8,8,-0.377,3,2,1,39,5.93,17,5272.354,10510.258,0.024,7988,8.986,NA,6295128,NA,0,"United States of America",2395.4641,4310.6733,6706.1377,0,0.42177437109158
"20","Nicaragua",12727.919822837,93,0.816,9,9,-0.885,3,4,2,28,7.05,17,5378.373,6809.886,0.046,4524,8.417,NA,6142733,2017-12-21,4,"United States of America",3104.322,1115.5914,4219.9136,1,0.331547783042163
"21","Costa Rica",49083.4123477842,94,0.167,10,10,0.755,1,1,1,54,7.5,17,30045.067,16098.613,0.066,13117,9.482,NA,4795396,NA,0,"United States of America",9507.6494,7729.062,17236.711,0,0.351171814988493
"22","Panama",15518.345607832,95,0.591,9,9,-0.34,2,2,1,37,9.06,17,810.72,13592.488,-0.053,19937,9.9,NA,3901315,NA,0,"United States of America",400.34088,3407.2156,3807.5564,0,0.245358396843434
"23","Colombia",121091.710505259,100,0.546,7,7,-0.369,4,3,2,37,7.604,18,54794.812,64028.792,0.027,12619,9.443,NA,46969209,NA,0,"United States of America",18234.248,18256.291,36490.539,0,0.301346300648839
"24","Venezuela",120318.882706931,101,0.946,4,4,-1.4,5,5,2,19,6.63,18,79171.602,43693.799,-0.065,17568,9.774,NA,30045134,NA,0,"United States of America",30219.105,12473.323,42692.43,0,0.354827347457913
"25","Guyana",3405.16767267572,110,0.626,6,6,-0.742,3,2,1,30,8.941,18,1426.014,1856.207,NA,NA,NA,NA,763380,NA,0,"United States of America",501.36127,407.24911,908.61041,0,0.266832795721343
"26","Suriname",3251.53734993473,115,0.276,5,5,-0.443,2,2,1,36,NA,18,1260.228,1802.011,NA,NA,NA,NA,553273,NA,0,"United States of America",452.54892,570.17993,1022.7289,0,0.314537029697823
"27","Ecuador",55574.4566208403,130,0.642,5,5,-0.755,3,3,2,33,8.579,18,25721.731,27515.437,0.016,11046,9.31,NA,15951838,NA,0,"United States of America",10857.036,8777.8662,19634.902,0,0.353308033832165
"28","Peru",85320.8265490187,135,0.598,9,9,-0.56,3,2,1,38,8.87,18,38105.519,46580.645,0.017,10961,9.302,NA,30090359,NA,0,"United States of America",6079.333,9759.9238,15839.257,0,0.185643501600398
"29","Brazil",494366.095541417,140,0.58,8,8,-0.338,2,2,1,43,8.14,18,225099.606,251965.339,-0.008,14825,9.604,NA,202763735,NA,0,"United States of America",30336.564,38829.055,69165.617,0,0.139907687084106
"30","Bolivia",23470.1369524328,145,0.66,7,7,-0.63,3,3,2,35,8.268,18,12881.566,10560.1,-0.007,5784,8.663,NA,10706517,NA,0,"United States of America",1934.1827,1239.7734,3173.9563,0,0.135233821022548
"31","Paraguay",20990.3987712708,150,0.816,9,9,-0.97,3,3,2,24,7.07,18,9652.958,12428.838,0.051,8210,9.013,NA,6599526,NA,0,"United States of America",196.22057,982.75677,1178.9774,0,0.0561674607922955
"32","Chile",149049.003474417,155,0.078,10,10,1.489,1,1,1,73,10.36,18,76648.34,72346.999,0.015,21090,9.957,NA,17758959,NA,0,"United States of America",9491.0283,14302.466,23793.494,0,0.159635377931822
"33","Argentina",140979.53819457,160,0.619,8,8,-0.542,2,2,1,34,8.77,18,69543.855,67007.764,-0.044,19000,9.852,NA,42669500,NA,0,"United States of America",4243.4355,11910.555,16153.99,0,0.114583933291833
"34","Uruguay",27063.2688829152,165,0.052,10,10,1.379,1,1,1,73,8.71,18,10526.018,15847,0.043,19582,9.882,NA,3400434,NA,0,"United States of America",457.10873,1638.0648,2095.1736,0,0.0774176101587886
"35","United Kingdom",1092307.75979376,200,0.056,10,10,1.738,1,1,1,78,13.3,2,461906.022,652956.32,0.014,38220,10.551,NA,64613160,NA,0,"United States of America",54048.512,42504.563,96553.07,0,0.0883936501725763
"36","Ireland",212759.691155964,205,0.046,10,10,1.605,1,1,1,74,10.69,2,110910.53,69679.463,0.075,51772,10.855,NA,4657740,NA,0,"United States of America",33982.461,6974.165,40956.625,0,0.19250180697986
"37","Netherlands",1195264.55595942,210,0.03,10,10,1.99,1,1,1,83,11.53,1,656795.963,584533.359,-0.018,47747,10.774,NA,16865008,NA,0,"United States of America",20807.176,37878.77,58685.945,0,0.0490987076521262
"38","Belgium",871928.20009533,211,0.025,8,8,1.573,1,1,1,76,11.29,1,455669.823,446609.84,-0.005,39182,10.576,NA,11209057,NA,0,"United States of America",20904.738,31815.863,52720.602,0,0.0604643845608342
"39","Luxembourg",48478.6308988579,212,0.071,10,10,2.073,1,1,1,82,NA,1,19094.273,26557.529,0.185,66750,11.109,NA,556319,NA,0,"United States of America",755.5047,1879.469,2634.9736,0,0.0543533006428628
"40","France",1267990.951801,220,0.069,9,9,1.315,1,1,1,69,12.46,1,569653.775,663690.654,0.005,38134,10.549,NA,66316100,NA,0,"United States of America",47149.098,25208.707,72357.805,0,0.0570649221883059
"41","Monaco",0,221,NA,NA,NA,NA,NA,NA,NA,NA,NA,NA,NA,NA,NA,NA,NA,NA,NA,NA,0,"United States of America",-9,-9,NA,0,NA
"42","Liechtenstein",0,223,NA,NA,NA,NA,NA,NA,NA,NA,NA,NA,NA,NA,NA,NA,NA,NA,NA,NA,0,"United States of America",-9,-9,NA,0,NA
"43","Switzerland",502847.242589081,225,0.025,10,10,2.152,1,1,1,86,12.71,1,238904.592,202909.021,0.006,61661,11.029,NA,8188649,NA,0,"United States of America",31480.086,13322.48,44802.566,0,0.0890977660915841
"44","Spain",655171.083336332,230,0.062,10,10,0.63,1,1,1,60,10.26,3,316618.85,355000.763,0.025,32300,10.383,NA,46480882,NA,0,"United States of America",14400.342,9838.5146,24238.855,0,0.0369962222333872
"45","Andorra",0,232,NA,NA,NA,NA,NA,NA,NA,NA,NA,NA,NA,NA,NA,NA,NA,NA,NA,NA,0,"United States of America",-9,-9,NA,0,NA
"46","Portugal",139710.682685802,235,0.114,10,10,0.948,1,1,1,63,7.82,3,63533.119,77787.615,0.033,26717,10.193,NA,10401062,NA,0,"United States of America",3210.6997,1072.1429,4282.8423,0,0.0306550810408089
"47","Germany",2668813.35660991,255,0.023,10,10,1.838,1,1,1,79,12.98,1,1418624.715,1202804.292,0.033,46038,10.737,NA,80982500,NA,0,"United States of America",123181.04,43187.031,166368.08,0,0.0623378474886423
"48","Poland",413576.103179869,290,0.119,10,10,0.635,1,1,1,61,9.696,4,208785.641,210890.926,0.031,24356,10.101,NA,38011735,NA,0,"United States of America",5177.9321,2362.0625,7539.9946,0,0.0182312143811674
"49","Austria",360059.681822453,305,0.048,10,10,1.475,1,1,1,72,11.5,1,171076.203,179122.006,0.04,44894,10.712,NA,8546356,NA,0,"United States of America",10750.094,3742.6604,14492.754,0,0.0402509770787012
"50","Hungary",209591.878004835,310,0.456,10,10,0.165,2,2,1,54,11.19,4,107904.842,103093.354,0.044,22766,10.033,NA,9866468,NA,0,"United States of America",5261.6943,1159.9624,6421.6567,0,0.0306388623506292
"51","Czech Republic",318838.868328573,316,0.228,9,9,0.368,1,1,1,51,11.247,4,171796.752,151649.421,0.053,29148,10.28,NA,10525347,NA,0,"United States of America",4338.9116,2421.5364,6760.4478,0,0.0212033364546795
"52","Slovakia",161440.601016236,317,0.335,10,10,0.163,1,1,1,50,11.176,4,81922.221,80729.592,0.049,24964,10.125,NA,5418649,2019-12-10,1,"United States of America",2099.3015,460.50751,2559.8091,1,0.0158560429277798
"53","Italy",967466.677339078,325,0.225,10,10,-0.03,1,1,1,43,10.95,3,521494.784,451139.087,-0.003,34371,10.445,NA,60789140,NA,0,"United States of America",42105.082,14397.881,56502.965,0,0.0584030089340191
"54","San Marino",0,331,NA,NA,NA,NA,NA,NA,NA,NA,NA,NA,NA,NA,NA,NA,NA,NA,NA,NA,0,"United States of America",-9,-9,NA,0,NA
"55","Malta",11705.9895747868,338,0.226,NA,NA,0.852,1,1,1,55,NA,3,1936.858,6373.366,0.033,25001,10.127,NA,434558,NA,0,"United States of America",173.24126,550.26959,723.51086,0,0.0618068942721721
"56","Albania",7593.0383483934,339,0.773,9,9,-0.548,3,3,2,33,NA,3,2322.771,5220.865,0.056,10703,9.278,NA,2889104,NA,0,"United States of America",69.057823,56.359947,125.41777,0,0.0165174682709902
"57","Montenegro",2534.82090448454,341,0.614,9,9,-0.059,2,3,1,42,NA,3,574.257,2839.413,0.033,16903,9.735,NA,621810,NA,0,"United States of America",2.7242639,20.024769,22.749033,0,0.00897461156318894
"58","Macedonia",11852.5580010107,343,0.768,9,9,-0.022,3,4,2,45,NA,3,5110.033,7194.328,0.055,13110,9.481,NA,2077775,NA,0,"United States of America",167.00417,37.235371,204.23953,0,0.0172316836570286
"59","Croatia",34031.5467046222,344,0.398,9,9,0.219,2,1,1,48,NA,3,13680.271,22515.96,0.017,20466,9.927,NA,4238389,NA,0,"United States of America",462.44504,204.95,667.39502,0,0.0196110692761829
"60","Yugoslavia",0,345,0.681,8,8,-0.227,2,2,1,41,NA,3,NA,NA,0.003,13387,9.502,NA,7130576,2017-12-21,10,"United States of America",-9,-9,NA,1,NA
"61","Bosnia and Herzegovina",14332.7259236543,346,0.706,-66,NA,-0.308,3,4,2,39,NA,3,4690.782,8957.795,0.031,9986,9.209,NA,3482104,NA,0,"United States of America",83.668945,49.610043,133.27899,0,0.00929892825062959
"62","Kosovo",2230.338029432,347,0.668,8,8,-0.488,4,4,2,33,NA,3,NA,NA,NA,NA,NA,NA,1821800,NA,0,"United States of America",0.58576202,16.343893,16.929655,0,0.00759062293544422
"63","Slovenia",66062.468531655,349,0.27,10,10,0.727,1,1,1,58,NA,3,36024.177,34021.868,0.054,27462,10.221,NA,2061980,NA,0,"United States of America",699.69061,422.1012,1121.7919,0,0.0169807747868591
"64","Greece",94320.767997501,350,0.231,10,10,-0.122,2,2,1,43,10.7,3,35173.89,62905.253,-0.015,24437,10.104,NA,10892413,NA,0,"United States of America",1047.851,557.2251,1605.076,0,0.0170172066457572
"65","Cyprus",10204.884677402,352,0.16,10,10,1.076,1,1,1,63,9.325,10,1683.18,6722.012,-0.014,25331,10.14,NA,1152285,NA,0,"United States of America",64.202904,89.007797,153.21071,0,0.0150134680443057
"66","Bulgaria",62289.9124065354,355,0.438,9,9,-0.247,2,2,1,43,11.28,4,28794.809,34179.145,0.041,16556,9.715,NA,7223938,NA,0,"United States of America",605.19702,370.5806,975.77765,0,0.0156650990874988
"67","Moldova",9414.39164197439,359,0.723,9,9,-0.851,3,3,2,35,9.986,4,2486.392,6823.387,0.053,5534,8.619,NA,3556397,NA,0,"United States of America",35.484207,38.643188,74.127396,0,0.00787383814260504
"68","Romania",145521.783146478,360,0.518,9,9,-0.113,2,2,1,43,10.357,4,68655.708,77392.098,0.041,19693,9.888,NA,19908979,NA,0,"United States of America",2105.6516,867.32831,2972.98,0,0.0204297936413237
"69","Russia",768342.008083422,365,0.771,4,4,-0.919,6,6,3,27,9.61,4,497614.862,285843.526,-0.003,23798,10.077,NA,143819666,2017-12-21,1,"United States of America",23691.875,18727.275,42419.152,1,0.0552086851346469
"70","Estonia",34283.3465411471,366,0.036,9,9,1.303,1,1,1,69,11.456,2,15536.227,17587.402,0.029,25424,10.143,NA,1314545,NA,0,"United States of America",562.51477,171.3275,733.84229,0,0.0214052116854822
"71","Latvia",30870.2011176541,367,0.106,8,8,0.415,2,2,1,55,11.015,2,14351.271,17494.487,0.057,21944,9.996,NA,1993782,2019-12-09,1,"United States of America",274.57803,96.130501,370.70853,1,0.0120086205006289
"72","Lithuania",60066.3087959719,368,0.162,10,10,0.559,1,1,1,58,11.584,2,31971.255,34981.559,0.052,24604,10.111,NA,2932367,NA,0,"United States of America",1093.8793,357.48441,1451.3636,0,0.0241626900186237
"73","Ukraine",113776.943800297,369,0.836,4,4,-0.994,3,3,2,26,11.512,4,53911.031,54381.744,-0.06,10331,9.243,NA,45271947,2017-12-21,1,"United States of America",934.02545,1931.9229,2865.9482,1,0.0251891824852525
"74","Belarus",66519.6332403316,370,0.34,-7,-7,-0.305,6,7,3,31,10.205,4,36358.313,40787.87,0.026,20037,9.905,NA,9474511,NA,0,"United States of America",131.45839,511.4039,642.8623,0,0.00966424901468376
"75","Armenia",5964.16829428586,371,0.855,5,5,-0.524,4,5,2,37,10.818,10,1519.287,4401.6,0.028,9260,9.133,NA,2912403,NA,0,"United States of America",96.227112,133.65779,229.8849,0,0.0385443348773789
"76","Georgia",11613.818075057,372,0.117,7,7,0.786,3,3,2,52,10.902,10,2861.695,8585.735,0.038,9903,9.201,NA,3719414,NA,0,"United States of America",395.06052,288.99747,684.05798,0,0.0589003526298687
"77","Azerbaijan",41601.05900839,373,0.954,-7,-7,-1.019,6,6,3,29,10.803,10,22607.197,13844.82,0.012,16025,9.682,NA,9535079,NA,0,"United States of America",1011.9035,1181.3628,2193.2664,0,0.052721407874681
"78","Finland",153570.262560884,375,0.027,10,10,2.166,1,1,1,89,12.03,2,73046.727,76294.516,0.001,37943,10.544,NA,5461512,NA,0,"United States of America",4996.5581,1912.4482,6909.0063,0,0.0449892198189144
"79","Sweden",330378.264587041,380,0.009,10,10,2.153,1,1,1,87,11.85,2,157939.258,161120.028,-0.001,42202,10.65,NA,9696110,NA,0,"United States of America",10219.895,3873.7915,14093.686,0,0.0426592409691858
"80","Norway",220832.407058192,385,0.011,10,10,2.227,1,1,1,86,12.6,2,142844.915,89184.284,-0.051,75846,11.236,NA,5137232,NA,0,"United States of America",5359.1904,5547.4907,10906.682,0,0.0493889558389226
"81","Denmark",197183.628121599,390,0.006,10,10,2.247,1,1,1,92,12.07,2,108015.976,95356.614,0.006,44542,10.704,NA,5643475,NA,0,"United States of America",7516.5449,2359.0579,9875.6025,0,0.0500832781812389
"82","Iceland",10570.2729709056,395,0.021,NA,NA,1.828,1,1,1,79,11.388,2,5021.863,5367.055,0.018,39383,10.581,NA,327386,NA,0,"United States of America",298.47311,541.69427,840.16736,0,0.0794839794878086
"83","Cape Verde",0,402,0.158,10,10,0.938,1,1,1,57,NA,6,NA,NA,0.129,6353,8.757,NA,518269,NA,0,"United States of America",-9,-9,NA,0,NA
"84","Sao Tome and Principe",137.437748539557,403,0.273,NA,NA,-0.002,2,2,1,42,NA,7,14.615,118.484,0.054,3489,8.157,NA,195727,NA,0,"United States of America",0.98421901,1.1973445,2.1815636,0,0.0158731034463367
"85","Guinea-Bissau",709.71872356518,404,0.857,6,6,-1.538,5,5,2,19,NA,6,273.484,457.312,-0.003,1277,7.152,NA,1692439,NA,0,"United States of America",0.058086999,3.2079079,3.265995,0,0.00460181603155923
"86","Equatorial Guinea",15768.5189589294,411,0.89,-6,-6,-1.773,7,7,3,NA,NA,7,10785.817,2619.724,-0.078,39603,10.587,NA,1122276,NA,0,"United States of America",254.933,633.24823,888.18121,0,0.0563262290081491
"87","Gambia",1350.58399138291,420,0.639,-5,-5,-0.694,6,6,3,29,3.598,6,100.215,1241.688,0.039,1901,7.55,NA,2024042,2017-12-21,2,"United States of America",0.298435,45.806732,46.105167,1,0.034137208270025
"88","Mali",3416.74397284042,432,0.792,5,5,-0.745,4,5,2,32,1.51,6,463.579,4222.326,0.048,1514,7.323,NA,16934220,NA,0,"United States of America",4.772449,42.310936,47.083385,0,0.0137801911335073
"89","Senegal",8498.26191823189,433,0.213,7,7,0.056,2,2,1,43,2.99,6,2573.249,6048.667,0.042,2354,7.764,NA,14174731,NA,0,"United States of America",25.443022,144.07507,169.5181,0,0.0199473847277314
"90","Benin",10492.9046000672,434,0.542,7,7,-0.666,2,2,1,39,2.89,6,882.018,9531.864,0.066,2092,7.646,NA,10286842,NA,0,"United States of America",5.4081469,859.7066,865.11481,0,0.0824476008287026
"91","Mauritania",6153.91028910056,435,0.902,-2,-2,-0.928,5,6,3,30,4.486,6,2392.635,3886.637,0.145,3357,8.119,NA,3930896,NA,0,"United States of America",101.40446,178.98967,280.39413,0,0.0455635712624244
"92","Niger",2308.49744451886,436,0.618,6,6,-0.687,4,3,2,35,1.31,6,456.669,1964.101,0.04,893,6.795,NA,19240157,NA,0,"United States of America",4.624495,64.348297,68.972794,0,0.0298777865939442
"93","Ivory Coast",25098.4892975841,437,0.551,4,4,-0.419,4,5,2,32,3.78,6,12824.715,12228.141,0.048,3250,8.086,NA,22647683,NA,0,"United States of America",1201.371,262.54907,1463.92,0,0.058327016524493
"94","Guinea",5982.69771623595,438,0.862,4,4,-1.057,5,5,2,25,3.347,6,2488.846,6605.697,0.124,1646,7.406,NA,11150977,NA,0,"United States of America",86.315865,71.548203,157.86407,0,0.0263867702310256
"95","Burkina Faso",3301.785965431,439,0.481,0,0,-0.465,3,6,2,38,1.428,6,827.35,2695.333,0.042,1513,7.322,NA,17586017,NA,0,"United States of America",6.2100849,79.513374,85.723457,0,0.0259627540662861
"96","Liberia",13766.4704123591,450,0.818,6,6,-0.771,4,3,2,37,5.576,6,877.312,12819.87,-0.013,816,6.704,NA,4359505,NA,0,"United States of America",83.373901,203.28044,286.65433,0,0.0208226452688012
"97","Sierra Leone",3487.59847777135,451,0.825,7,7,-0.941,3,3,2,31,3.99,6,1985.865,1377.167,-0.213,1326,7.19,NA,7017144,NA,0,"United States of America",28.673052,96.340996,125.01405,0,0.0358453104039335
"98","Ghana",28064.1340182918,452,0.619,8,8,-0.192,2,1,1,48,5.61,6,9992.942,18078.865,-0.002,3627,8.196,NA,27224472,NA,0,"United States of America",271.33276,1240.4476,1511.7804,0,0.053868770688404
"99","Togo",8437.04844765798,461,0.814,-2,-2,-0.893,4,4,2,29,4.907,6,1179.702,6815.618,0.012,1443,7.274,NA,7137997,NA,0,"United States of America",9.1206789,373.70496,382.82562,0,0.0453743536468927
"100","Cameroon",13627.6590630673,471,0.943,-4,-4,-1.164,6,6,3,27,5.1,7,5902.104,7463.886,0.031,2672,7.891,NA,22681858,NA,0,"United States of America",184.38272,333.67758,518.0603,0,0.0380153552126946
"101","Nigeria",156132.104857686,475,0.915,4,4,-1.275,5,4,2,27,4.48,6,93438.535,66789.477,0.03,5531,8.618,NA,176404902,NA,0,"United States of America",3842.0735,6516.6851,10358.758,0,0.0663461112590648
"102","Gabon",13619.5568551325,481,0.771,3,3,-0.692,5,6,3,37,5.704,7,9262.716,4872.694,-0.048,14053,9.551,NA,1883800,NA,0,"United States of America",801.31946,458.73776,1260.0573,0,0.092518230468354
"103","Central African Republic",440.24251314889,482,0.847,-77,0,-1.16,7,7,3,24,3.058,7,90.787,507.076,0.014,589,6.378,NA,4464175,NA,0,"United States of America",1.3566279,35.727917,37.084545,0,0.0842366284317889
"104","Chad",4551.34443838363,483,0.974,-2,-2,-1.316,6,7,3,22,6.249,7,2717.276,1554.335,0.165,2282,7.733,NA,13663559,NA,0,"United States of America",2328.5781,69.594849,2398.1729,0,0.526915273600275
"105","Congo",15700.8976006076,484,0.824,-4,-4,-1.179,5,6,3,23,5.845,7,9549.788,5326.138,-0.115,4561,8.425,NA,4736974,NA,0,"United States of America",424.26395,353.71689,777.98083,0,0.049550086230095
"106","Democratic Republic of the Congo",14750.8224310317,490,0.936,5,5,-1.301,6,6,3,22,3.592,7,6565.25,7545.11,0.068,802,6.687,NA,73767447,2017-12-21,1,"United States of America",154.41487,202.46727,356.88214,1,0.0241940503093047
"107","Uganda",6802.48498838078,500,0.757,-1,-1,-1.085,5,6,3,26,4.54,8,1940.218,4738.456,0.007,1853,7.525,NA,36912148,2019-09-13,7,"United States of America",45.886513,85.294426,131.18094,1,0.0192842674734407
"108","Kenya",30688.3854400164,501,0.594,9,9,-0.933,4,4,2,25,6.46,8,6658.721,23048.714,0.037,2984,8.001,NA,46699981,NA,0,"United States of America",565.78412,1760.1383,2325.9224,0,0.0757916184462117
"109","Tanzania",19534.5524739246,510,0.61,-1,-1,-0.754,3,3,2,31,3.645,8,4015.625,15873.201,0.058,2335,7.756,NA,49959822,NA,0,"United States of America",86.062721,334.83514,420.89789,0,0.0215463287711264
"110","Burundi",689.87977427771,516,0.912,6,6,-1.259,5,6,3,20,2.331,8,83.604,679.689,0.021,779,6.658,NA,9844297,NA,0,"United States of America",4.3727679,5.7529726,10.12574,0,0.0146775429249269
"111","Rwanda",1986.8010184792,517,0.331,-3,-3,0.762,6,6,3,49,3.478,8,451.723,1521.073,0.028,1599,7.377,NA,11083635,NA,0,"United States of America",40.664097,23.337254,64.00135,0,0.0322132661523346
"112","Somalia",3306.91200104672,520,0.908,5,5,-1.66,7,7,3,8,1.636,8,781.741,2655.954,NA,NA,NA,NA,13423576,NA,0,"United States of America",0.53755403,38.970306,39.507858,0,0.0119470545292692
"113","Djibouti",4726.92053265741,522,0.753,3,3,-0.599,5,6,3,34,NA,8,553.424,4233.545,0.135,3127,8.048,NA,898696,NA,0,"United States of America",11.849456,138.10983,149.95927,0,0.0317245168316157
"114","Ethiopia",13319.3124962518,530,0.612,-3,-3,-0.444,6,6,3,33,NA,8,2597.245,16620.351,0.088,1481,7.3,NA,98094253,NA,0,"United States of America",206.77324,1902.1477,2108.9209,0,0.158335567289489
"115","Eritrea",1007.17794168389,531,0.725,-7,-7,-0.891,7,7,3,18,NA,8,NA,NA,NA,NA,NA,NA,NA,NA,0,"United States of America",0.166134,5.3275962,5.4937301,0,0.00545457746107416
"116","Angola",92113.7910287289,540,0.869,-2,-2,-1.444,5,6,3,19,2.98,7,58730.474,27773.871,0,8615,9.061,NA,26941779,NA,0,"United States of America",5719.8296,2244.3745,7964.2041,0,0.0864604964257316
"117","Mozambique",17675.4279157425,541,0.541,5,5,-0.672,3,4,2,31,2.68,8,5220.937,12782.392,0.094,1227,7.112,NA,26286163,NA,0,"United States of America",99.936951,413.61124,513.54816,0,0.0290543551447833
"118","Zambia",16607.1865504298,551,0.294,7,7,-0.342,4,3,2,38,6.354,8,8232.322,8974.991,0.018,3537,8.171,NA,15399753,NA,0,"United States of America",55.973812,140.19383,196.16765,0,0.0118122145135368
"119","Zimbabwe",7782.24856658729,552,0.792,4,4,-1.391,6,5,3,21,7.918,8,2754.508,4981.336,-0.002,1797,7.494,NA,13586681,NA,0,"United States of America",64.932182,53.609348,118.54153,0,0.0152322980929898
"120","Malawi",2832.7371852339,553,0.733,6,6,-0.751,4,3,2,33,4.77,8,1013.096,1721.715,-0.065,964,6.871,NA,16289540,NA,0,"United States of America",66.788559,55.709732,122.49829,0,0.0432437893068732
"121","South Africa",238366.26278482,560,0.452,9,9,-0.062,2,2,1,44,7.88,9,91026.345,109363.568,0.005,12050,9.397,NA,54545991,2019-10-10,4,"United States of America",8307.585,7270.9502,15578.536,1,0.0653554568419071
"122","Namibia",10058.2930686369,565,0.142,6,6,0.289,2,2,1,49,6.126,9,2882.38,NA,0.207,11484,9.349,NA,2273430,NA,0,"United States of America",256.18546,341.34262,597.52808,0,0.0594065092280092
"123","Lesotho",2501.1687905652,570,0.472,8,8,0.191,3,2,1,49,6.589,9,1014.347,NA,0.073,2881,7.966,NA,2043437,NA,0,"United States of America",361.00912,2.3660369,363.37515,0,0.145282138243012
"124","Botswana",6983.1848647028,571,0.146,8,8,0.854,2,3,1,63,9.889,9,5238.497,NA,0.129,14900,9.609,NA,2088614,NA,0,"United States of America",317.9675,52.897255,370.86475,0,0.0531082532090154
"125","Swaziland",3943.5901335612,572,0.563,-9,-9,-0.428,5,7,3,43,7.82,9,2172.227,NA,-0.017,7685,8.947,NA,1095021,NA,0,"United States of America",81.527534,25.73266,107.26019,0,0.0271986150607239
"126","Madagascar",5660.60198085054,580,0.868,6,6,-0.84,4,4,2,28,4.13,8,2219.251,3778.622,-0.027,1282,7.156,NA,23589887,NA,0,"United States of America",215.58656,51.229115,266.81567,0,0.0471355645393583
"127","Comoros",306.266790529627,581,0.696,9,9,-0.612,4,3,2,26,NA,8,38.853,267.652,0.015,1658,7.413,NA,759390,NA,0,"United States of America",2.079895,3.9267008,6.0065956,0,0.0196122981195996
"128","Mauritius",8202.2889704417,590,0.474,10,10,0.351,2,1,1,54,7.828,8,2574.419,5392.751,0.045,17756,9.784,NA,1260934,NA,0,"United States of America",401.23471,86.568962,487.80368,0,0.0594716525786742
"129","Seychelles",1632.19090838262,591,0.211,NA,NA,0.438,3,3,2,55,10.405,8,506.435,1274.633,0.025,22640,10.027,NA,91359,NA,0,"United States of America",4.0842762,13.957755,18.04203,0,0.0110538723793519
"130","Morocco",70433.3520631068,600,0.58,-4,-4,-0.266,4,5,2,39,4.39,5,23479.227,45590.04,-0.017,7324,8.899,NA,34192347,NA,0,"United States of America",990.95404,3257.0735,4248.0278,0,0.0603127307670073
"131","Algeria",118086.529589181,615,0.706,2,2,-0.6,5,6,3,36,7.3,5,53343.787,60201.016,-0.017,12782,9.456,NA,38923687,NA,0,"United States of America",4628.8765,2902.7783,7531.6548,0,0.0637808124788014
"132","Tunisia",42662.6684693029,616,0.201,7,7,-0.037,3,1,1,40,6.331,5,15297.282,25929.396,0.008,10588,9.267,NA,11063201,NA,0,"United States of America",521.19348,934.96869,1456.1621,0,0.0341319976514773
"133","Libya",38232.4187317626,620,0.805,-77,0,-1.565,6,6,3,18,8.074,5,17378.929,19152.08,-0.269,9736,9.184,NA,6362037,2019-12-10,1,"United States of America",224.80116,553.49463,778.29578,1,0.0203569589844812
"134","Sudan",13858.4560189446,625,0.819,-4,-4,-1.445,7,7,3,11,NA,5,5293.142,9726.29,0.057,3626,8.196,NA,37977655,NA,0,"United States of America",12.07176,84.338768,96.41053,0,0.00695680167171626
"135","South Sudan",4416.80069588,626,0.869,-77,0,-1.589,6,7,3,15,NA,8,NA,NA,NA,NA,NA,NA,10554883,2017-12-21,9,"United States of America",0.066454001,19.098652,19.165106,1,0.00433913760652077
"136","Iran",165942.48728312,630,0.813,-7,-7,-0.619,6,6,3,27,6.25,14,86361.366,96360.846,-0.037,15261,9.633,NA,77465753,NA,0,"United States of America",0,200.28598,200.28598,0,0.00120696021422341
"137","Turkey",390897.973532749,640,0.708,3,3,-0.148,4,3,2,45,6.75,10,157620.406,242176.944,0.044,20222,9.915,NA,77231907,2018-08-01,2,"United States of America",7359.3081,12730.213,20089.521,1,0.051393259520996
"138","Iraq",137591.491684165,645,0.824,6,6,-1.334,6,6,3,16,6.78,10,79571.155,50379.41,-0.025,12889,9.464,NA,34411951,2019-07-18,8,"United States of America",13709.568,2315.4536,16025.022,1,0.116468117351214
"139","Egypt",100347.315624829,651,0.79,-4,-4,-0.625,5,6,3,37,7.72,5,26692.509,68188.488,0.027,11092,9.314,NA,90424654,NA,0,"United States of America",1410.4845,5065.4785,6475.9629,0,0.064535487169501
"140","Syria",33375.898478101,652,0.934,-9,-9,-1.553,7,7,3,20,7.99,10,12703.325,19401.174,-0.144,4069,8.311,NA,18715672,NA,0,"United States of America",12.363428,7.4736981,19.837126,0,0.000594354816036361
"141","Lebanon",24954.9869550636,660,0.716,6,6,-1.037,4,5,2,27,8.725,10,3428.009,21531.251,-0.103,13117,9.482,NA,6262410,NA,0,"United States of America",72.242867,1454.1145,1526.3574,0,0.061164423878422
"142","Jordan",31097.8982269232,663,0.525,-3,-3,0.136,5,6,3,49,9.177,10,8379.264,22726.952,0.007,11741,9.371,NA,8920049,NA,0,"United States of America",1357.4391,1319.8441,2677.2832,0,0.0860920947281937
"143","Israel",127395.07361345,666,0.131,6,6,0.866,2,1,1,60,10.716,10,68955.6,72275.7,0.027,31454,10.356,NA,8215700,2017-12-21,1,"United States of America",23050.627,8559.5996,31610.227,1,0.248127546092667
"144","Saudi Arabia",531655.358339773,670,0.465,-10,-10,0.087,7,7,3,49,8.475,10,333296.249,170220.544,-0.027,46824,10.754,NA,30916994,2018-11-15,17,"United States of America",47037.66,20546.65,67584.313,1,0.127120533894455
"145","Yemen",25761.8427599312,679,0.88,-77,0,-1.555,6,6,3,19,NA,10,9634.894,15387.227,-0.075,3558,8.177,NA,25823485,NA,0,"United States of America",41.204117,401.63998,442.84409,0,0.0171899228687468
"146","Kuwait",132801.30885029,690,0.548,-7,-7,-0.24,5,5,2,44,NA,10,92100.32,32108.264,-0.084,69228,11.145,NA,3690942,NA,0,"United States of America",11436.954,4014.4158,15451.37,0,0.116349530993092
"147","Bahrain",24972.5825786618,692,0.738,-10,-10,0.279,6,7,3,49,NA,10,37010.335,14442.16,-0.025,38535,10.559,NA,1336075,NA,0,"United States of America",965.15979,1166.1808,2131.3406,0,0.0853472240320532
"148","Qatar",164335.857182712,694,0.454,-10,-10,0.989,5,6,3,69,NA,10,120131.407,32459.506,-0.068,138683,11.84,NA,2459198,NA,0,"United States of America",1656.7653,5691.4688,7348.2339,0,0.0447147325360046
"149","United Arab Emirates",509061.661283414,696,0.102,-8,-8,1.204,6,6,3,70,NA,10,258263.426,267716.516,-0.056,67250,11.116,NA,9214175,NA,0,"United States of America",2799.2976,24324.391,27123.689,0,0.0532817359131259
"150","Oman",94976.1997425992,698,0.209,-8,-8,0.31,5,6,3,45,NA,10,53927.489,37458.31,-0.101,37748,10.539,NA,4027260,NA,0,"United States of America",975.18011,2215.4197,3190.5999,0,0.0335936782967421
"151","Afghanistan",8716.75869325506,700,0.905,-1,-1,-1.355,6,6,3,12,3.813,14,659.41,7990.761,-0.001,2022,7.612,NA,33370794,NA,0,"United States of America",62.924492,859.67157,922.59607,0,0.105841643948902
"152","Turkmenistan",22811.4854283289,701,0.933,-8,-8,-1.314,7,7,3,17,NA,11,12388.998,9782.024,0.068,20203,9.914,NA,5466328,NA,0,"United States of America",20.215412,501.13724,521.35266,0,0.0228548316872231
"153","Tajikistan",6651.3959676376,702,0.943,-3,-3,-1.127,6,6,3,23,9.352,11,630.646,5843.766,-0.022,3226,8.079,NA,8252833,NA,0,"United States of America",3.6067059,27.039381,30.646088,0,0.00460746708647458
"154","Kyrgyzstan",11794.2439886805,703,0.838,7,7,-1.128,5,5,2,27,10.242,11,1128.306,10560.551,0.324,5773,8.661,NA,5835500,NA,0,"United States of America",2.261132,79.134514,81.395653,0,0.00690130313380996
"155","Uzbekistan",20999.1022698883,704,0.844,-9,-9,-1.185,7,7,3,18,10.294,11,5403.906,15033.935,-0.015,8511,9.049,NA,30757700,2017-12-21,1,"United States of America",14.062639,234.09079,248.15343,1,0.0118173351798872
"156","Kazakhstan",108664.49173893,705,0.851,-6,-6,-0.83,5,6,3,29,11.748,11,55483.862,48175.788,0.001,23398,10.06,NA,17288285,NA,0,"United States of America",1444.4012,1109.4404,2553.8416,0,0.0235020802023874
"157","China",4327395.0142046,710,0.478,-7,-7,-0.34,6,7,3,36,7.688,12,2818426.75,2519304.5,0.056,11708,9.368,NA,1364270000,2017-12-21,1,"United States of America",472525.22,183283,655808.25,1,0.151548043995827
"158","Mongolia",11190.5401098946,712,0.615,10,10,-0.474,2,1,1,39,NA,12,4835.661,5872.036,-0.005,11035,9.309,NA,2940108,NA,0,"United States of America",14.849967,180.65462,195.50458,0,0.017470522251838
"159","Taiwan",680474.974606607,713,0.336,10,10,0.807,2,1,1,61,NA,12,415713.074,NA,0.053,41609,10.636,NA,NA,NA,0,"United States of America",40571.668,26835.654,67407.32,0,0.0990592196854399
"160","North Korea",8475.69186056852,731,0.69,-10,-10,-1.297,7,7,3,8,7.108,12,3287.412,4879.314,0.005,1749,7.467,NA,25057752,NA,0,"United States of America",0,26.431526,26.431526,0,0.00311850954881541
"161","South Korea",1130215.1409872,732,0.21,8,8,0.548,2,2,1,55,13,12,572650.69,525514.045,0.036,34538,10.45,NA,50746659,NA,0,"United States of America",69605.695,45540.289,115145.98,0,0.101879700443072
"162","Japan",1567714.55646443,740,0.077,10,10,1.695,1,1,1,76,13.15,12,690190.037,812206.077,0.002,35550,10.479,NA,127276000,NA,0,"United States of America",133938.72,73056.844,206995.56,0,0.13203651082173
"163","India",774530.218289827,750,0.44,9,9,-0.428,3,2,1,38,4.84,14,317733.218,460512.283,0.051,5312,8.578,NA,1295604184,NA,0,"United States of America",45228.234,21234.248,66462.484,0,0.0858100593502343
"164","Bhutan",581.422286712388,760,0.088,5,5,1.28,4,3,2,65,NA,14,NA,NA,NA,NA,NA,NA,719056,NA,0,"United States of America",0.29431999,2.4220281,2.7163479,0,0.00467190192408929
"165","Pakistan",87798.440800366,770,0.779,7,7,-0.834,5,4,2,29,5.97,14,27052.102,58945.173,0.043,4876,8.492,NA,195306825,2017-12-21,2,"United States of America",3672.3188,1667.0122,5339.3311,1,0.060813507066036
"166","Bangladesh",72900.2056299317,771,0.843,1,1,-0.887,4,4,2,25,4.69,14,30199.025,45610.279,0.034,2901,7.973,NA,154520167,NA,0,"United States of America",5278.269,776.68121,6054.9502,0,0.0830580675003464
"167","Myanmar",48538.4860291015,775,0.655,-3,-3,-0.882,6,6,3,21,5.7,13,22498.803,24316.761,0.1,5493,8.611,NA,52280807,2017-12-21,9,"United States of America",93.417282,102.241,195.65829,1,0.00403099284725717
"168","Sri Lanka",31532.764086183,780,0.618,3,3,-0.344,5,5,2,38,7.421,14,10923.239,20537.789,0.05,10313,9.241,NA,20778000,NA,0,"United States of America",2674.5452,431.44534,3105.9905,0,0.0985004198017954
"169","Maldives",1907.59221802261,781,0.733,NA,NA,-0.377,4,4,2,NA,NA,14,191.716,1700.454,NA,NA,NA,NA,435015,NA,0,"United States of America",23.163769,31.902954,55.066723,0,0.0288671354809162
"170","Nepal",9419.52150022205,790,0.747,6,6,-0.588,4,3,2,29,4.366,14,919.64,8486.418,0.062,2571,7.852,NA,26906926,NA,0,"United States of America",86.598343,39.924393,126.52274,0,0.0134319710398259
"171","Thailand",473964.449150419,800,0.802,-3,-3,-0.45,5,6,3,38,7.91,13,225242.304,228200.814,-0.022,13587,9.517,NA,68438730,NA,0,"United States of America",27121.344,14693.803,41815.148,0,0.0882242287896353
"172","Cambodia",29136.5452872385,811,0.868,2,2,-1.138,5,6,3,21,5.894,13,10723.2,17428.392,0.013,2981,8,NA,15274503,2018-06-12,6,"United States of America",2843.8013,360.96481,3204.7661,1,0.109991286489399
"173","Laos",12530.0924487083,812,0.862,-7,-7,-0.849,6,7,3,25,5.523,13,4685.579,7948.458,0.09,5667,8.642,NA,6639756,NA,0,"United States of America",32.920628,31.361065,64.281693,0,0.00513018505355296
"174","Vietnam",307275.2813658,816,0.529,-7,-7,-0.436,5,7,3,31,6.532,13,143039.435,144557.595,0.057,5427,8.599,NA,91714595,NA,0,"United States of America",30583.561,6284.3193,36867.879,0,0.119983224280609
"175","Malaysia",513647.9938148,820,0.586,5,5,0.411,4,4,2,52,9.63,13,234248.446,208961.363,0.009,21339,9.968,NA,29866559,NA,0,"United States of America",30447.879,16015.567,46463.445,0,0.0904577562056103
"176","Singapore",638271.440279593,830,0.01,-2,-2,2.071,4,4,2,84,10.53,13,410075.662,366300.421,0.087,67105,11.114,NA,5469724,NA,0,"United States of America",16463.486,37876.238,54339.727,0,0.0851357644581381
"177","Brunei",17361.6945325214,835,NA,NA,NA,NA,NA,NA,NA,NA,NA,NA,NA,NA,NA,NA,NA,NA,NA,NA,0,"United States of America",32.006329,605.22198,637.22833,0,0.0367031183970184
"178","Philippines",150743.360657109,840,0.708,8,8,-0.437,3,3,2,38,8.24,13,61796.189,70976.038,0.031,6592,8.794,NA,100513138,NA,0,"United States of America",10160.347,6198.5269,16358.873,0,0.108521349986425
"179","Indonesia",378728.46993526,850,0.756,9,9,-0.562,4,2,2,34,NA,13,176291.653,178178.782,0.035,9720,9.182,NA,255129004,NA,0,"United States of America",19361.928,8188.5327,27550.459,0,0.0727446209805919
"180","East Timor",0,860,0.379,8,8,-0.526,3,3,2,28,NA,13,NA,NA,NA,NA,NA,NA,1174331,NA,0,"United States of America",-9,-9,NA,0,NA
"181","Australia",493745.332765612,900,0.038,10,10,1.853,1,1,1,80,13.14,15,240639.21,250538.025,-0.004,43887,10.689,NA,23475686,NA,0,"United States of America",10669.967,26608.873,37278.84,0,0.0755021617950094
"182","Papua New Guinea",16309.5550405411,910,0.67,5,5,-0.91,3,4,2,25,NA,15,14179.453,6214.432,NA,NA,NA,NA,7946731,NA,0,"United States of America",100.17705,157.44383,257.62088,0,0.0157957025412174
"183","New Zealand",86013.4109681178,920,0.011,10,10,2.253,1,1,1,91,12.33,15,41822.992,42303.733,0.012,33091,10.407,NA,4509700,NA,0,"United States of America",3979.5872,4932.8818,8912.4688,0,0.103617199919017
"184","Vanuatu",757.18136598068,935,0.458,NA,NA,0.462,2,2,1,NA,NA,15,170.243,620.322,NA,NA,NA,NA,263888,NA,0,"United States of America",7.1755199,23.300274,30.475796,0,0.0402490042270502
"185","Solomon Islands",1185.22571644148,940,0.615,8,8,-0.278,3,3,2,NA,NA,15,685.001,529.371,NA,NA,NA,NA,587079,NA,0,"United States of America",8.7200117,7.2645245,15.984536,0,0.0134864910356417
"186","Kiribati",253.628412050817,946,NA,NA,NA,NA,NA,NA,NA,NA,NA,NA,NA,NA,NA,NA,NA,NA,NA,NA,0,"United States of America",2.624182,3.2938149,5.9179969,0,0.0233333357731793
"187","Tuvalu",119.367483655454,947,NA,NA,NA,NA,NA,NA,NA,NA,NA,NA,NA,NA,NA,NA,NA,NA,NA,NA,0,"United States of America",0.068860002,0.59189999,0.66075999,0,0.00553551075858513
"188","Fiji",3427.14923405209,950,0.185,2,2,0.179,4,3,2,NA,8.248,15,1415.832,2419.446,NA,NA,NA,NA,866453,NA,0,"United States of America",183.74937,87.554008,271.30338,0,0.0791629898413337
"189","Tonga",259.274654247349,955,NA,NA,NA,NA,NA,NA,NA,NA,NA,NA,NA,NA,NA,NA,NA,NA,NA,NA,0,"United States of America",2.6748919,22.182671,24.857563,0,0.0958734785401962
"190","Nauru",180.227497761037,970,NA,NA,NA,NA,NA,NA,NA,NA,NA,NA,NA,NA,NA,NA,NA,NA,NA,NA,0,"United States of America",0.57358903,0.81229901,1.385888,0,0.00768965899885901
"191","Marshall Islands",0,983,NA,NA,NA,NA,NA,NA,NA,NA,NA,NA,NA,NA,NA,NA,NA,NA,NA,NA,0,"United States of America",-9,-9,NA,0,NA
"192","Palau",66.679461872908,986,NA,NA,NA,NA,NA,NA,NA,NA,NA,NA,NA,NA,NA,NA,NA,NA,NA,NA,0,"United States of America",0,0,0,0,0
"193","Federated States of Micronesia",0,987,NA,NA,NA,NA,NA,NA,NA,NA,NA,NA,NA,NA,NA,NA,NA,NA,NA,NA,0,"United States of America",-9,-9,NA,0,NA
"194","Samoa",NA,990,NA,NA,NA,NA,NA,NA,NA,NA,NA,NA,NA,NA,NA,NA,NA,NA,NA,NA,0,"United States of America",5.214994,25.353155,30.568148,0,NA
